lambda (nm), TOA Flux (W/m2/nm)
115.5,1.421996e-05
116.5,2.411851e-05
117.5,7.869019e-05
118.5,3.227682e-05
119.5,5.243167e-05
120.5,0.0001482331
121.5,0.006281918
122.5,6.437864e-05
123.5,4.06446e-05
124.5,2.951843e-05
125.5,2.701777e-05
126.5,3.660314e-05
127.5,1.977164e-05
128.5,1.53721e-05
129.5,1.743138e-05
130.5,0.0001491407
131.5,2.439157e-05
132.5,1.956967e-05
133.5,0.0001765205
134.5,1.823503e-05
135.5,4.141993e-05
136.5,2.598968e-05
137.5,2.804737e-05
138.5,2.772236e-05
139.5,7.070024e-05
140.5,6.181074e-05
141.5,3.885496e-05
142.5,4.173554e-05
143.5,4.760701e-05
144.5,4.662577e-05
145.5,4.958548e-05
146.5,6.115163e-05
147.5,7.617848e-05
148.5,7.792113e-05
149.5,7.02369e-05
150.5,7.87243e-05
151.5,8.492763e-05
152.5,0.000106467
153.5,0.0001176112
154.5,0.0001950593
155.5,0.0001740388
156.5,0.0001779736
157.5,0.0001586464
158.5,0.0001586264
159.5,0.0001585037
160.5,0.0001765482
161.5,0.0002070207
162.5,0.0002378985
163.5,0.0002540835
164.5,0.00029326
165.5,0.0004650686
166.5,0.0003197883
167.5,0.0003763504
168.5,0.0004169348
169.5,0.0005528748
170.5,0.0006383203
171.5,0.0006425919
172.5,0.0007048688
173.5,0.0007117136
174.5,0.0008703063
175.5,0.001060406
176.5,0.001148595
177.5,0.001388244
178.5,0.001544187
179.5,0.001532679
180.5,0.00192768
181.5,0.002305573
182.5,0.002230851
183.5,0.002388961
184.5,0.002094356
185.5,0.002381403
186.5,0.002730028
187.5,0.003045666
188.5,0.003251578
189.5,0.003560935
190.5,0.003762196
191.5,0.004018429
192.5,0.00431396
193.5,0.003385045
194.5,0.005420236
195.5,0.005245784
196.5,0.005876779
197.5,0.005927858
198.5,0.005962385
199.5,0.006455619
200.5,0.00700677
201.5,0.007720818
202.5,0.007636689
203.5,0.008789944
204.5,0.009731705
205.5,0.0100436
206.5,0.01042458
207.5,0.01204647
208.5,0.01389247
209.5,0.02010862
210.5,0.02611819
211.5,0.03158801
212.5,0.0303636
213.5,0.02753924
214.5,0.03925533
215.5,0.0324032
216.5,0.03126986
217.5,0.03037092
218.5,0.04344048
219.5,0.04550833
220.5,0.04510315
221.5,0.03195788
222.5,0.04699894
223.5,0.05966735
224.5,0.05490586
225.5,0.04838949
226.5,0.03404848
227.5,0.03443024
228.5,0.04927461
229.5,0.04180068
230.5,0.05083256
231.5,0.04366658
232.5,0.0469049
233.5,0.03925456
234.5,0.03176444
235.5,0.05099812
236.5,0.03925266
237.5,0.04750635
238.5,0.03253902
239.5,0.04015554
240.5,0.03690893
241.5,0.04330108
242.5,0.06532516
243.5,0.05988308
244.5,0.05728429
245.5,0.04541365
246.5,0.04572679
247.5,0.05291386
248.5,0.04075524
249.5,0.05236003
250.5,0.05501869
251.5,0.04245687
252.5,0.03761711
253.5,0.04846779
254.5,0.05360918
255.5,0.07592006
256.5,0.09082752
257.5,0.1128257
258.5,0.1200904
259.5,0.09968928
260.5,0.08123209
261.5,0.07976964
262.5,0.1012544
263.5,0.1490983
264.5,0.2316586
265.5,0.2416153
266.5,0.2347752
267.5,0.2349998
268.5,0.2361333
269.5,0.211249
270.5,0.267313
271.5,0.2216973
272.5,0.1767088
273.5,0.2015302
274.5,0.1176755
275.5,0.1728088
276.5,0.2371599
277.5,0.2365328
278.5,0.1563198
279.5,0.07410654
280.5,0.08635885
281.5,0.2021546
282.5,0.2832126
283.5,0.3163299
284.5,0.2428021
285.5,0.123688
286.5,0.3266406
287.5,0.3576771
288.5,0.2986915
289.5,0.4470426
290.5,0.5978922
291.5,0.556908
292.5,0.4850207
293.5,0.5519094
294.5,0.4982085
295.5,0.5604692
296.5,0.494375
297.5,0.5324423
298.5,0.3920698
299.5,0.5456013
300.5,0.3631364
301.5,0.4926007
302.5,0.4842654
303.5,0.6347386
304.5,0.5976894
305.5,0.6207171
306.5,0.5716631
307.5,0.6559801
308.5,0.6603506
309.5,0.4995074
310.5,0.626263
311.5,0.7392079
312.5,0.6392928
313.5,0.6904597
314.5,0.6305172
315.5,0.6466531
316.5,0.5883698
317.5,0.8159077
318.5,0.6245824
319.5,0.685002
320.5,0.8425137
321.5,0.6651846
322.5,0.6939554
323.5,0.6442268
324.5,0.7686118
325.5,0.8573477
326.5,0.9734964
327.5,0.9410525
328.5,0.871079
329.5,1.065811
330.5,0.9797522
331.5,0.9657532
332.5,0.9333057
333.5,0.8900515
334.5,0.9485548
335.5,1.012949
336.5,0.7982736
337.5,0.8723742
338.5,0.933456
339.5,0.967603
340.5,1.065069
341.5,0.9297439
342.5,1.030855
343.5,1.031813
344.5,0.7406365
345.5,1.007649
346.5,0.9309577
347.5,0.9199123
348.5,0.9554812
349.5,0.857823
350.5,1.129923
351.5,1.0043
352.5,0.8956822
353.5,1.077204
354.5,1.141586
355.5,1.066053
356.5,0.9488701
357.5,0.8587592
358.5,0.6379171
359.5,1.088802
360.5,1.024105
361.5,0.9040161
362.5,1.029178
363.5,0.9688911
364.5,1.042555
365.5,1.191938
366.5,1.265109
367.5,1.215657
368.5,1.080776
369.5,1.266933
370.5,1.120162
371.5,1.29072
372.5,1.061574
373.5,0.9135146
374.5,0.9292275
375.5,1.11148
376.5,1.0886
377.5,1.307588
378.5,1.399892
379.5,1.06603
380.5,1.243385
381.5,1.126919
382.5,0.8039711
383.5,0.6681442
384.5,0.9656958
385.5,1.012787
386.5,1.021603
387.5,0.995205
388.5,0.9536487
389.5,1.218001
390.5,1.243158
391.5,1.443353
392.5,1.087423
393.5,0.4688973
394.5,1.088599
395.5,1.406079
396.5,0.7446793
397.5,0.8317113
398.5,1.586042
399.5,1.701968
400.5,1.704802
401.5,1.846967
402.5,1.870223
403.5,1.826136
404.5,1.779242
405.5,1.724478
406.5,1.674769
407.5,1.693341
408.5,1.711818
409.5,1.721351
410.5,1.590018
411.5,1.650072
412.5,1.710048
413.5,1.770028
414.5,1.771827
415.5,1.771044
416.5,1.788707
417.5,1.748098
418.5,1.742276
419.5,1.738887
420.5,1.776595
421.5,1.805901
422.5,1.73942
423.5,1.713714
424.5,1.750734
425.5,1.733888
426.5,1.72213
427.5,1.654012
428.5,1.648584
429.5,1.491769
430.5,1.241673
431.5,1.534225
432.5,1.691827
433.5,1.666013
434.5,1.627461
435.5,1.744883
436.5,1.838042
437.5,1.777141
438.5,1.704466
439.5,1.771405
440.5,1.84384
441.5,1.909172
442.5,1.963063
443.5,1.964107
444.5,1.961224
445.5,1.923997
446.5,1.907314
447.5,2.014688
448.5,2.035087
449.5,2.051226
450.5,2.138856
451.5,2.144159
452.5,2.039108
453.5,1.982826
454.5,2.069539
455.5,2.079343
456.5,2.131731
457.5,2.128286
458.5,2.071696
459.5,2.054746
460.5,2.082823
461.5,2.11154
462.5,2.127625
463.5,2.099809
464.5,2.049402
465.5,2.045755
466.5,2.025875
467.5,2.01129
468.5,2.043384
469.5,2.024567
470.5,1.991522
471.5,2.037059
472.5,2.096112
473.5,2.065262
474.5,2.106757
475.5,2.101821
476.5,2.069552
477.5,2.120016
478.5,2.11562
479.5,2.110432
480.5,2.096552
481.5,2.108744
482.5,2.085968
483.5,2.055602
484.5,2.027647
485.5,1.841745
486.5,1.73685
487.5,1.876938
488.5,1.932371
489.5,2.008112
490.5,2.03375
491.5,1.959396
492.5,1.951743
493.5,1.972187
494.5,2.016515
495.5,2.014235
496.5,2.003849
497.5,1.985028
498.5,1.949305
499.5,1.943236
500.5,1.909344
501.5,1.868642
502.5,1.905666
503.5,1.938972
504.5,1.92837
505.5,1.996583
506.5,2.024724
507.5,1.992305
508.5,1.959885
509.5,1.926122
510.5,1.902338
511.5,1.937277
512.5,1.913817
513.5,1.865089
514.5,1.838968
515.5,1.864513
516.5,1.734095
517.5,1.628694
518.5,1.688064
519.5,1.804357
520.5,1.835104
521.5,1.866373
522.5,1.826558
523.5,1.856482
524.5,1.910455
525.5,1.887205
526.5,1.725782
527.5,1.764769
528.5,1.875665
529.5,1.891896
530.5,1.916707
531.5,1.918155
532.5,1.894387
533.5,1.865668
534.5,1.869362
535.5,1.922516
536.5,1.876765
537.5,1.874565
538.5,1.884775
539.5,1.840184
540.5,1.801456
541.5,1.838671
542.5,1.858037
543.5,1.871688
544.5,1.886032
545.5,1.888499
546.5,1.886771
547.5,1.862656
548.5,1.869671
549.5,1.889873
550.5,1.878243
551.5,1.882917
552.5,1.877885
553.5,1.870421
554.5,1.887405
555.5,1.876037
556.5,1.83557
557.5,1.811288
558.5,1.785908
559.5,1.760062
560.5,1.801117
561.5,1.815745
562.5,1.793099
563.5,1.800104
564.5,1.802913
565.5,1.78529
566.5,1.784462
567.5,1.814178
568.5,1.798031
569.5,1.791477
570.5,1.771806
571.5,1.773043
572.5,1.840156
573.5,1.847249
574.5,1.829616
575.5,1.800965
576.5,1.806695
577.5,1.808398
578.5,1.782085
579.5,1.794008
580.5,1.808485
581.5,1.815392
582.5,1.8319
583.5,1.831921
584.5,1.816834
585.5,1.78257
586.5,1.777443
587.5,1.800199
588.5,1.729576
589.5,1.65459
590.5,1.732878
591.5,1.772309
592.5,1.77467
593.5,1.770494
594.5,1.774696
595.5,1.765264
596.5,1.775901
597.5,1.772308
598.5,1.754632
599.5,1.752921
600.5,1.740134
601.5,1.717762
602.5,1.723386
603.5,1.753102
604.5,1.757797
605.5,1.746132
606.5,1.737879
607.5,1.72912
608.5,1.711066
609.5,1.700068
610.5,1.699118
611.5,1.700262
612.5,1.690665
613.5,1.66798
614.5,1.665202
615.5,1.65052
616.5,1.618294
617.5,1.642134
618.5,1.665209
619.5,1.674124
620.5,1.687891
621.5,1.674841
622.5,1.663025
623.5,1.652356
624.5,1.636098
625.5,1.628986
626.5,1.659789
627.5,1.678807
628.5,1.678326
629.5,1.657827
630.5,1.648749
631.5,1.623927
632.5,1.642836
633.5,1.632607
634.5,1.636911
635.5,1.635102
636.5,1.629583
637.5,1.650947
638.5,1.648891
639.5,1.614808
640.5,1.600992
641.5,1.593294
642.5,1.609082
643.5,1.602672
644.5,1.603831
645.5,1.589006
646.5,1.589994
647.5,1.600203
648.5,1.594623
649.5,1.546392
650.5,1.600147
651.5,1.607358
652.5,1.58312
653.5,1.569207
654.5,1.543693
655.5,1.441038
656.5,1.323289
657.5,1.463442
658.5,1.533297
659.5,1.537584
660.5,1.549839
661.5,1.557839
662.5,1.551574
663.5,1.532061
664.5,1.535294
665.5,1.538229
666.5,1.528574
667.5,1.523615
668.5,1.532446
669.5,1.527596
670.5,1.505702
671.5,1.497642
672.5,1.492215
673.5,1.488461
674.5,1.484881
675.5,1.481457
676.5,1.478237
677.5,1.47521
678.5,1.47236
679.5,1.469652
680.5,1.467162
681.5,1.464856
682.5,1.462719
683.5,1.460761
684.5,1.458987
685.5,1.457401
686.5,1.455983
687.5,1.454744
688.5,1.456174
689.5,1.462937
690.5,1.457059
691.5,1.448689
692.5,1.442737
693.5,1.444292
694.5,1.43537
695.5,1.433196
696.5,1.43666
697.5,1.416324
698.5,1.432722
699.5,1.435751
700.5,1.415429
701.5,1.405502
702.5,1.410465
703.5,1.416384
704.5,1.430089
705.5,1.420064
706.5,1.402106
707.5,1.402881
708.5,1.389584
709.5,1.379499
710.5,1.384122
711.5,1.36442
712.5,1.358496
713.5,1.360684
714.5,1.357167
715.5,1.351388
716.5,1.356477
717.5,1.354156
718.5,1.335936
719.5,1.335763
720.5,1.337445
721.5,1.337286
722.5,1.334889
723.5,1.339806
724.5,1.335636
725.5,1.323677
726.5,1.326631
727.5,1.323396
728.5,1.298373
729.5,1.292162
730.5,1.315252
731.5,1.311506
732.5,1.309903
733.5,1.309352
734.5,1.309099
735.5,1.294626
736.5,1.290098
737.5,1.287825
738.5,1.258279
739.5,1.259567
740.5,1.251998
741.5,1.242064
742.5,1.260097
743.5,1.277927
744.5,1.264227
745.5,1.277032
746.5,1.27145
747.5,1.275221
748.5,1.267291
749.5,1.252333
752.5,1.251114
757.5,1.252582
762.5,1.236953
767.5,1.212904
772.5,1.201464
777.5,1.1722
782.5,1.163584
787.5,1.159342
792.5,1.118343
797.5,1.111586
802.5,1.100652
807.5,1.087233
812.5,1.091155
817.5,1.067256
822.5,1.049594
827.5,1.047988
832.5,1.020267
837.5,1.018479
842.5,1.000042
847.5,0.9791337
852.5,0.900221
857.5,0.9523551
862.5,0.9727043
867.5,0.9157437
872.5,0.94327
877.5,0.9435294
882.5,0.9241436
887.5,0.9172921
892.5,0.9138169
897.5,0.907348
902.5,0.8843329
907.5,0.8803499
912.5,0.8760708
917.5,0.8723269
922.5,0.8418657
927.5,0.8447796
932.5,0.8416599
937.5,0.8316922
942.5,0.8070024
947.5,0.8157784
952.5,0.8006867
957.5,0.7913666
962.5,0.7841989
967.5,0.7749268
972.5,0.7678869
977.5,0.7565473
982.5,0.7642863
987.5,0.7546006
992.5,0.7492503
997.5,0.7448931
1002.5,0.732568
1007.5,0.7202026
1012.5,0.7189069
1017.5,0.7040297
1022.5,0.6990815
1027.5,0.6937931
1032.5,0.6820914
1037.5,0.6740144
1042.5,0.6682112
1047.5,0.657325
1052.5,0.6524608
1057.5,0.642488
1062.5,0.6396689
1067.5,0.6268254
1072.5,0.6243422
1077.5,0.6220804
1082.5,0.6110039
1087.5,0.6102448
1092.5,0.6017867
1097.5,0.5923232
1102.5,0.5926547
1107.5,0.5879236
1112.5,0.5804886
1117.5,0.5762807
1122.5,0.5718843
1127.5,0.564042
1132.5,0.5611023
1137.5,0.5559193
1142.5,0.5483083
1147.5,0.5478644
1152.5,0.5427572
1157.5,0.5380222
1162.5,0.5230438
1167.5,0.5206627
1172.5,0.5189325
1177.5,0.5114861
1182.5,0.5058427
1187.5,0.5028992
1192.5,0.5047314
1197.5,0.4927078
1202.5,0.4927464
1207.5,0.4863044
1212.5,0.4836904
1217.5,0.4817772
1222.5,0.4765944
1227.5,0.4711128
1232.5,0.4664523
1237.5,0.461489
1242.5,0.4553674
1247.5,0.4547953
1252.5,0.4499898
1257.5,0.4460433
1262.5,0.4414753
1267.5,0.4364289
1272.5,0.4366781
1277.5,0.4383287
1282.5,0.4149505
1287.5,0.4271137
1292.5,0.4209921
1297.5,0.4165459
1302.5,0.4127693
1307.5,0.4143461
1312.5,0.4053752
1317.5,0.4028509
1322.5,0.4008502
1327.5,0.3940473
1332.5,0.3895872
1337.5,0.3858387
1342.5,0.3815727
1347.5,0.3780553
1352.5,0.3745317
1357.5,0.3701355
1362.5,0.3685758
1367.5,0.3650934
1372.5,0.3625562
1377.5,0.3595594
1382.5,0.3568717
1387.5,0.3545517
1392.5,0.3519463
1397.5,0.3493706
1402.5,0.3450975
1407.5,0.343953
1412.5,0.33949
1417.5,0.3394108
1422.5,0.3338572
1427.5,0.3295916
1432.5,0.3302861
1437.5,0.3282094
1442.5,0.3209204
1447.5,0.322043
1452.5,0.3171913
1457.5,0.3165126
1462.5,0.3138171
1467.5,0.3124791
1472.5,0.3081509
1477.5,0.3064641
1482.5,0.3061545
1487.5,0.2982953
1492.5,0.3022485
1497.5,0.3011266
1502.5,0.2908938
1507.5,0.2905504
1512.5,0.2920968
1517.5,0.2889414
1522.5,0.2855505
1527.5,0.2841443
1532.5,0.2814387
1537.5,0.2788531
1542.5,0.2771982
1547.5,0.275216
1552.5,0.2717518
1557.5,0.2696203
1562.5,0.269377
1567.5,0.2662185
1572.5,0.264022
1577.5,0.2584256
1582.5,0.2617449
1587.5,0.2528476
1592.5,0.252387
1597.5,0.2540873
1602.5,0.2509932
1607.5,0.2477235
1612.5,0.2438478
1617.5,0.2411844
1622.5,0.2406737
1627.5,0.2418151
1632.5,0.2389842
1637.5,0.2316413
1642.5,0.2284241
1647.5,0.2296109
1652.5,0.227806
1657.5,0.2264982
1662.5,0.2246485
1667.5,0.2219816
1672.5,0.2199967
1677.5,0.2153252
1682.5,0.2109645
1687.5,0.2131428
1692.5,0.2123347
1697.5,0.2097986
1702.5,0.2063979
1707.5,0.2037143
1712.5,0.2020091
1717.5,0.2020818
1722.5,0.19855
1727.5,0.1980984
1732.5,0.1923468
1737.5,0.1876906
1742.5,0.1902708
1747.5,0.1881332
1752.5,0.1863416
1757.5,0.1848738
1762.5,0.1821925
1767.5,0.1811759
1772.5,0.1795776
1777.5,0.1769865
1782.5,0.1753301
1787.5,0.1745953
1792.5,0.172857
1797.5,0.1709801
1802.5,0.1695656
1807.5,0.1693204
1812.5,0.1665125
1817.5,0.1600605
1822.5,0.1609505
1827.5,0.1620664
1832.5,0.160016
1837.5,0.1576953
1842.5,0.1552879
1847.5,0.1539505
1852.5,0.1535906
1857.5,0.1522544
1862.5,0.1512978
1867.5,0.1504787
1872.5,0.144311
1877.5,0.1417539
1882.5,0.1465697
1887.5,0.1448361
1892.5,0.1413914
1897.5,0.1397372
1902.5,0.1399939
1907.5,0.1387327
1912.5,0.1373237
1917.5,0.1359083
1922.5,0.1348775
1927.5,0.1334273
1932.5,0.132407
1937.5,0.13178
1942.5,0.1266254
1947.5,0.1245648
1952.5,0.1274764
1957.5,0.127362
1962.5,0.1250526
1967.5,0.1237879
1972.5,0.1228239
1977.5,0.1212832
1982.5,0.1202349
1987.5,0.1197142
1992.5,0.1185788
1997.5,0.1173116
2002.5,0.1164148
2007.5,0.1156285
2012.5,0.1149976
2017.5,0.1135393
2022.5,0.1122678
2027.5,0.1111034
2032.5,0.1097055
2037.5,0.108621
2042.5,0.1079738
2047.5,0.1071067
2052.5,0.1057619
2057.5,0.1042767
2062.5,0.1029826
2067.5,0.1019451
2072.5,0.1013941
2077.5,0.1003838
2082.5,0.09927966
2087.5,0.0983481
2092.5,0.09724296
2097.5,0.09647585
2102.5,0.0963104
2107.5,0.09561222
2112.5,0.09471409
2117.5,0.09387036
2122.5,0.09304126
2127.5,0.0926737
2132.5,0.09210827
2137.5,0.09148519
2142.5,0.09081781
2147.5,0.09019984
2152.5,0.08960923
2157.5,0.08861105
2162.5,0.08565436
2167.5,0.08449323
2172.5,0.08521426
2177.5,0.08555724
2182.5,0.08485898
2187.5,0.08431809
2192.5,0.08378621
2197.5,0.08346229
2202.5,0.08220679
2207.5,0.08134431
2212.5,0.08077336
2217.5,0.08055872
2222.5,0.07969498
2227.5,0.07902435
2232.5,0.07829511
2237.5,0.07754875
2242.5,0.076713
2247.5,0.07606577
2252.5,0.07528228
2257.5,0.07454335
2262.5,0.07401333
2267.5,0.0734902
2272.5,0.07316048
2277.5,0.07234682
2282.5,0.07180779
2287.5,0.07126591
2292.5,0.07059658
2297.5,0.06994738
2302.5,0.06967742
2307.5,0.06940926
2312.5,0.06879397
2317.5,0.06795322
2322.5,0.06701772
2327.5,0.06638753
2332.5,0.06609152
2337.5,0.06578112
2342.5,0.06543795
2347.5,0.06476232
2352.5,0.06387473
2357.5,0.06328318
2362.5,0.06319944
2367.5,0.0628042
2372.5,0.06230995
2377.5,0.0615912
2382.5,0.06088515
2387.5,0.06032813
2392.5,0.06024334
2397.5,0.06016185
2402.5,0.05918719
2407.5,0.05849886
2412.5,0.05765976
2417.5,0.05710768
2422.5,0.05678198
2427.5,0.05668654
2432.5,0.05624365
2437.5,0.05588771
2442.5,0.05523815
2447.5,0.05465383
2452.5,0.05398095
2457.5,0.05383689
2462.5,0.05362205
2467.5,0.05334649
2472.5,0.05284246
2477.5,0.05217128
2482.5,0.05174344
2487.5,0.0514073
2492.5,0.05134445
2497.5,0.05122371
2502.5,0.0508209
2507.5,0.05037925
2512.5,0.04990109
2517.5,0.04957556
2522.5,0.04931891
2527.5,0.04900253
2532.5,0.04849362
2537.5,0.04792653
2542.5,0.04744491
2547.5,0.04704123
2552.5,0.04678033
2557.5,0.04645839
2562.5,0.04614694
2567.5,0.0459632
2572.5,0.04574813
2577.5,0.04531369
2582.5,0.04490467
2587.5,0.04453513
2592.5,0.04437232
2597.5,0.04436726
2602.5,0.04416845
2607.5,0.04398105
2612.5,0.04367212
2617.5,0.04288422
2622.5,0.04225023
2627.5,0.04201114
2632.5,0.04181503
2637.5,0.04206728
2642.5,0.04176973
2647.5,0.04135089
2652.5,0.04112799
2657.5,0.04061018
2662.5,0.04022275
2667.5,0.03991357
2672.5,0.03962309
2677.5,0.0395169
2682.5,0.03924961
2687.5,0.03902691
2692.5,0.03876472
2697.5,0.03849234
2702.5,0.03821648
2707.5,0.03797326
2712.5,0.03769928
2717.5,0.03743941
2722.5,0.03719241
2727.5,0.0369529
2732.5,0.03668533
2737.5,0.03648121
2742.5,0.0362361
2747.5,0.03593013
2752.5,0.03556442
2757.5,0.03525525
2762.5,0.03501034
2767.5,0.03482786
2772.5,0.03470536
2777.5,0.0344984
2782.5,0.03429814
2787.5,0.03411917
2792.5,0.03390909
2797.5,0.03369432
2802.5,0.03346809
2807.5,0.03323906
2812.5,0.03302688
2817.5,0.03281346
2822.5,0.03259438
2827.5,0.03239269
2832.5,0.03215454
2837.5,0.03194042
2842.5,0.03171533
2847.5,0.03149189
2852.5,0.03130352
2857.5,0.0310915
2862.5,0.03079313
2867.5,0.03050679
2872.5,0.03029743
2877.5,0.03010216
2882.5,0.0299913
2887.5,0.02989932
2892.5,0.02972222
2897.5,0.02953146
2902.5,0.0293592
2907.5,0.02916395
2912.5,0.02897483
2917.5,0.02875847
2922.5,0.02856279
2927.5,0.02838216
2932.5,0.02819506
2937.5,0.02802507
2942.5,0.02785659
2947.5,0.0276771
2952.5,0.02750416
2957.5,0.02735691
2962.5,0.02719967
2967.5,0.02703728
2972.5,0.02686675
2977.5,0.02669447
2982.5,0.02651888
2987.5,0.0263257
2992.5,0.02614644
2997.5,0.02597799
3002.5,0.02582155
3007.5,0.02566413
3012.5,0.02552347
3017.5,0.02536029
3022.5,0.02518242
3027.5,0.02493471
3032.5,0.02468745
3037.5,0.0245232
3042.5,0.02437761
3047.5,0.02425271
3052.5,0.02421621
3057.5,0.02409987
3062.5,0.02395459
3067.5,0.02381218
3072.5,0.02366157
3077.5,0.02351472
3082.5,0.02338685
3087.5,0.02322719
3092.5,0.02308589
3097.5,0.02296192
3102.5,0.02280243
3107.5,0.0226123
3112.5,0.02248995
3117.5,0.02234619
3122.5,0.02220729
3127.5,0.02211379
3132.5,0.02202137
3137.5,0.02188449
3142.5,0.02172263
3147.5,0.02159613
3152.5,0.02146512
3157.5,0.02131932
3162.5,0.02118996
3167.5,0.02109692
3172.5,0.02096073
3177.5,0.02084095
3182.5,0.02073617
3187.5,0.02061816
3192.5,0.02048557
3197.5,0.02037675
3202.5,0.02024694
3207.5,0.02012241
3212.5,0.02000283
3217.5,0.01989776
3222.5,0.01976883
3227.5,0.01965395
3232.5,0.01952445
3237.5,0.01941313
3242.5,0.01929869
3247.5,0.01918783
3252.5,0.01907245
3257.5,0.0189761
3262.5,0.01886506
3267.5,0.01874572
3272.5,0.01862592
3277.5,0.01850959
3282.5,0.01834927
3287.5,0.01816249
3292.5,0.01804741
3297.5,0.01794979
3302.5,0.01784703
3307.5,0.01771793
3312.5,0.01768123
3317.5,0.01761464
3322.5,0.01751608
3327.5,0.01741523
3332.5,0.01733669
3337.5,0.01728684
3342.5,0.01718488
3347.5,0.01708993
3352.5,0.01698871
3357.5,0.01688338
3362.5,0.01678013
3367.5,0.0166876
3372.5,0.01659101
3377.5,0.01650012
3382.5,0.01640541
3387.5,0.01628384
3392.5,0.01618412
3397.5,0.01609072
3402.5,0.01598356
3407.5,0.01588479
3412.5,0.01581405
3417.5,0.01575672
3422.5,0.01567677
3427.5,0.01559926
3432.5,0.01553363
3437.5,0.01545119
3442.5,0.01537395
3447.5,0.01529803
3452.5,0.01521306
3457.5,0.0151251
3462.5,0.01503641
3467.5,0.01495327
3472.5,0.01487179
3477.5,0.0147883
3482.5,0.01470537
3487.5,0.01462875
3492.5,0.01455725
3497.5,0.01447867
3502.5,0.01440023
3507.5,0.01432226
3512.5,0.0142466
3517.5,0.01416857
3522.5,0.01408328
3527.5,0.01400173
3532.5,0.0139284
3537.5,0.01385553
3542.5,0.01377285
3547.5,0.01369144
3552.5,0.01362319
3557.5,0.01354987
3562.5,0.01347501
3567.5,0.01339393
3572.5,0.01332513
3577.5,0.01326501
3582.5,0.01319016
3587.5,0.01312361
3592.5,0.01305735
3597.5,0.01299377
3602.5,0.01293333
3607.5,0.01286717
3612.5,0.01280218
3617.5,0.01273869
3622.5,0.01267145
3627.5,0.01260002
3632.5,0.01252616
3637.5,0.01244699
3642.5,0.01236742
3647.5,0.01229714
3652.5,0.0122295
3657.5,0.01216091
3662.5,0.01209027
3667.5,0.01200694
3672.5,0.01195137
3677.5,0.01189221
3682.5,0.01179994
3687.5,0.01171118
3692.5,0.01163465
3697.5,0.01157175
3702.5,0.01152226
3707.5,0.01146153
3712.5,0.01140672
3717.5,0.01137756
3722.5,0.01130632
3727.5,0.01120995
3732.5,0.01113776
3737.5,0.01106982
3742.5,0.01100303
3747.5,0.01093938
3752.5,0.01088565
3757.5,0.01085787
3762.5,0.01084529
3767.5,0.01081633
3772.5,0.0107709
3777.5,0.01072113
3782.5,0.01066751
3787.5,0.01061401
3792.5,0.01056234
3797.5,0.01051648
3802.5,0.01046194
3807.5,0.01041645
3812.5,0.01037455
3817.5,0.01032528
3822.5,0.01027517
3827.5,0.01022969
3832.5,0.01018451
3837.5,0.01014206
3842.5,0.01009105
3847.5,0.0100332
3852.5,0.009979741
3857.5,0.009933594
3862.5,0.00988474
3867.5,0.009826772
3872.5,0.009774348
3877.5,0.009724426
3882.5,0.009676102
3887.5,0.009634078
3892.5,0.009590914
3897.5,0.00954328
3902.5,0.009497416
3907.5,0.009459428
3912.5,0.009414052
3917.5,0.009369621
3922.5,0.009328136
3927.5,0.009281633
3932.5,0.009230101
3937.5,0.009177182
3942.5,0.009127007
3947.5,0.00907991
3952.5,0.009034804
3957.5,0.008989809
3962.5,0.008942688
3967.5,0.008893529
3972.5,0.00884931
3977.5,0.008803648
3982.5,0.008756796
3987.5,0.008715307
3992.5,0.008672216
3997.5,0.008621467
4002.5,0.008573811
4007.5,0.008538377
4012.5,0.008502779
4017.5,0.008470847
4022.5,0.008436608
4027.5,0.008388593
4032.5,0.008321747
4037.5,0.00827365
4042.5,0.008240077
4047.5,0.008194121
4052.5,0.008153032
4057.5,0.008116283
4062.5,0.008078316
4067.5,0.008043979
4072.5,0.008023848
4077.5,0.008010431
4082.5,0.007976587
4087.5,0.007947206
4092.5,0.007910971
4097.5,0.007874003
4102.5,0.007838116
4107.5,0.00780418
4112.5,0.007772075
4117.5,0.007736891
4122.5,0.007699585
4127.5,0.007658538
4132.5,0.007621274
4137.5,0.007588386
4142.5,0.007553285
4147.5,0.007516754
4152.5,0.007478387
4157.5,0.007442469
4162.5,0.007406112
4167.5,0.007373086
4172.5,0.007341034
4177.5,0.007307733
4182.5,0.007263483
4187.5,0.007220574
4192.5,0.007186462
4197.5,0.007156131
4202.5,0.007125923
4207.5,0.007096199
4212.5,0.0070656
4217.5,0.007036682
4222.5,0.007004729
4227.5,0.006980244
4232.5,0.006956956
4237.5,0.006926164
4242.5,0.006895259
4247.5,0.006863174
4252.5,0.006831841
4257.5,0.00680046
4262.5,0.006768692
4267.5,0.006741068
4272.5,0.006701114
4277.5,0.006639397
4282.5,0.006590133
4287.5,0.006544659
4292.5,0.006501722
4297.5,0.006457861
4302.5,0.006415899
4307.5,0.006375044
4312.5,0.006332751
4317.5,0.006299482
4322.5,0.006290473
4327.5,0.006259532
4332.5,0.00621069
4337.5,0.006168607
4342.5,0.006125734
4347.5,0.00608599
4352.5,0.006044123
4357.5,0.006006503
4362.5,0.005970499
4367.5,0.005933083
4372.5,0.005899363
4377.5,0.00588628
4382.5,0.005862241
4387.5,0.005820225
4392.5,0.005785342
4397.5,0.00574884
4402.5,0.005716789
4407.5,0.005684473
4412.5,0.005650516
4417.5,0.00561892
4422.5,0.005587501
4427.5,0.005558219
4432.5,0.005542069
4437.5,0.005533301
4442.5,0.005507148
4447.5,0.005477928
4452.5,0.005449088
4457.5,0.005419172
4462.5,0.005394411
4467.5,0.005368464
4472.5,0.005341324
4477.5,0.005318658
4482.5,0.005290167
4487.5,0.005263887
4492.5,0.005249101
4497.5,0.0052365
4502.5,0.00520657
4507.5,0.00518163
4512.5,0.005157038
4517.5,0.005131152
4522.5,0.005108173
4527.5,0.005078931
4532.5,0.005059206
4537.5,0.005038524
4542.5,0.005013842
4547.5,0.004988778
4552.5,0.004979728
4557.5,0.004965422
4562.5,0.004938744
4567.5,0.004915395
4572.5,0.004892488
4577.5,0.004872266
4582.5,0.004851989
4587.5,0.004828762
4592.5,0.004807158
4597.5,0.004789425
4602.5,0.00476813
4607.5,0.004749754
4612.5,0.004736445
4617.5,0.004726945
4622.5,0.004709111
4627.5,0.004682225
4632.5,0.004658916
4637.5,0.004640658
4642.5,0.004622476
4647.5,0.004605195
4652.5,0.004588189
4657.5,0.004569419
4662.5,0.004551281
4667.5,0.004535135
4672.5,0.004517864
4677.5,0.004506835
4682.5,0.004502152
4687.5,0.004489485
4692.5,0.004469878
4697.5,0.004455291
4702.5,0.004441259
4707.5,0.004424284
4712.5,0.0044084
4717.5,0.00439192
4722.5,0.004374573
4727.5,0.004357767
4732.5,0.004341497
4737.5,0.004325657
4742.5,0.004310257
4747.5,0.004296537
4752.5,0.004276871
4757.5,0.004258549
4762.5,0.004242521
4767.5,0.004224494
4772.5,0.004207979
4777.5,0.004189083
4782.5,0.004172505
4787.5,0.004155616
4792.5,0.004140236
4797.5,0.00412408
4802.5,0.004109622
4807.5,0.004096909
4812.5,0.004085333
4817.5,0.004069958
4822.5,0.004055862
4827.5,0.00404053
4832.5,0.004027652
4837.5,0.004012195
4842.5,0.003998436
4847.5,0.003979434
4852.5,0.003964352
4857.5,0.003949085
4862.5,0.003933817
4867.5,0.003917006
4872.5,0.003902037
4877.5,0.003887589
4882.5,0.003872054
4887.5,0.003857596
4892.5,0.003840413
4897.5,0.003826409
4902.5,0.00381132
4907.5,0.00379946
4912.5,0.003783596
4917.5,0.003767677
4922.5,0.003753855
4927.5,0.003739062
4932.5,0.003722581
4937.5,0.003708905
4942.5,0.003693976
4947.5,0.003681609
4952.5,0.003668015
4957.5,0.003655184
4962.5,0.003640011
4967.5,0.003626898
4972.5,0.003611762
4977.5,0.00359978
4982.5,0.003585094
4987.5,0.003569791
4992.5,0.0035586
4997.5,0.00354308
5005,0.003523144
5015,0.003497992
5025,0.003473527
5035,0.00344946
5045,0.003425191
5055,0.003399862
5065,0.003374473
5075,0.003346731
5085,0.00331992
5095,0.003293408
5105,0.003266115
5115,0.003242795
5125,0.003220318
5135,0.003197951
5145,0.003177561
5155,0.003155858
5165,0.003135527
5175,0.003113203
5185,0.003090715
5195,0.003068318
5205,0.003044541
5215,0.003020625
5225,0.002999673
5235,0.00297799
5245,0.002957316
5255,0.002937123
5265,0.002916449
5275,0.002896235
5285,0.002875571
5295,0.002855173
5305,0.002835522
5315,0.002815933
5325,0.00279547
5335,0.002776134
5345,0.002756605
5355,0.002737288
5365,0.002719254
5375,0.002699759
5385,0.002680697
5395,0.002662077
5405,0.002643278
5415,0.002625567
5425,0.002607241
5435,0.002588187
5445,0.002569754
5455,0.002552687
5465,0.002535686
5475,0.002518155
5485,0.002501871
5495,0.002484904
5505,0.002469096
5515,0.002453085
5525,0.00243665
5535,0.002420952
5545,0.002404823
5555,0.002388508
5565,0.002371138
5575,0.002356267
5585,0.002340865
5595,0.002325177
5605,0.002309275
5615,0.002293742
5625,0.0022791
5635,0.002265011
5645,0.002250593
5655,0.002235281
5665,0.002220914
5675,0.002205944
5685,0.002192235
5695,0.002177389
5705,0.002163363
5715,0.002149123
5725,0.002135928
5735,0.002121538
5745,0.002108528
5755,0.002094332
5765,0.002081648
5775,0.002067236
5785,0.002054411
5795,0.002040656
5805,0.00202796
5815,0.002014143
5825,0.002001767
5835,0.00198802
5845,0.001975459
5855,0.001961461
5865,0.001948146
5875,0.001933741
5885,0.001921725
5895,0.001908939
5905,0.001896859
5915,0.001883504
5925,0.001872002
5935,0.001860333
5945,0.001849765
5955,0.001839487
5965,0.001828746
5975,0.001816662
5985,0.001805094
5995,0.001794409
6005,0.001783829
6015,0.001772902
6025,0.001761451
6035,0.00175051
6045,0.00173903
6055,0.001727861
6065,0.001716598
6075,0.001706095
6085,0.001695002
6095,0.001684621
6105,0.001673993
6115,0.001663887
6125,0.001653545
6135,0.001643511
6145,0.001633904
6155,0.001624275
6165,0.001614786
6175,0.001604218
6185,0.0015941
6195,0.001583744
6205,0.001573914
6215,0.00156412
6225,0.001554409
6235,0.001544751
6245,0.00153506
6255,0.001525393
6265,0.001515685
6275,0.001506976
6285,0.0014981
6295,0.001489426
6305,0.001480451
6315,0.001471261
6325,0.001462448
6335,0.001453599
6345,0.001445023
6355,0.001436525
6365,0.001428254
6375,0.001419896
6385,0.001411279
6395,0.001402779
6405,0.001394234
6415,0.001386108
6425,0.001377429
6435,0.001368552
6445,0.001360241
6455,0.001352027
6465,0.001343947
6475,0.001335806
6485,0.001327859
6495,0.001320009
6505,0.001312183
6515,0.001304394
6525,0.001296798
6535,0.0012897
6545,0.001282615
6555,0.001275015
6565,0.00126757
6575,0.001260083
6585,0.001252643
6595,0.001245248
6605,0.001237984
6615,0.0012308
6625,0.001223589
6635,0.001216442
6645,0.001209229
6655,0.001202086
6665,0.001195087
6675,0.001188016
6685,0.001181103
6695,0.001174252
6705,0.001167253
6715,0.001160229
6725,0.001153283
6735,0.001146554
6745,0.001139892
6755,0.001133328
6765,0.001126904
6775,0.001120459
6785,0.001114091
6795,0.001107764
6805,0.00110144
6815,0.00109526
6825,0.001089152
6835,0.001083168
6845,0.001077063
6855,0.001070961
6865,0.001064925
6875,0.001058875
6885,0.001052762
6895,0.001046781
6905,0.001040884
6915,0.001035022
6925,0.00102919
6935,0.001023426
6945,0.001017722
6955,0.001011919
6965,0.001006016
6975,0.001000366
6985,0.0009947903
6995,0.000989265
7005,0.0009838269
7015,0.0009783935
7025,0.0009729583
7035,0.0009675344
7045,0.0009621676
7055,0.0009568577
7065,0.0009515334
7075,0.0009463207
7085,0.0009413794
7095,0.0009363486
7105,0.0009312058
7115,0.0009260817
7125,0.0009210355
7135,0.0009160161
7145,0.0009109967
7155,0.0009059648
7165,0.0009010163
7175,0.0008961103
7185,0.0008912144
7195,0.0008863581
7205,0.0008815182
7215,0.0008767245
7225,0.000871963
7235,0.0008672414
7245,0.0008625759
7255,0.0008579505
7265,0.0008533334
7275,0.0008486617
7285,0.0008441291
7295,0.0008396367
7305,0.0008351365
7315,0.0008306891
7325,0.000826315
7335,0.0008219674
7345,0.0008175885
7355,0.000813205
7365,0.0008088649
7375,0.0008045037
7385,0.0008000378
7395,0.0007953435
7405,0.000791015
7415,0.0007869137
7425,0.0007827284
7435,0.0007783373
7445,0.0007740578
7455,0.0007699704
7465,0.0007659173
7475,0.0007618713
7485,0.0007578832
7495,0.0007539749
7505,0.0007500628
7515,0.0007462293
7525,0.0007425763
7535,0.0007391837
7545,0.0007355434
7555,0.0007317478
7565,0.0007279738
7575,0.0007244672
7585,0.0007209423
7595,0.0007172756
7605,0.0007136039
7615,0.0007099684
7625,0.0007063096
7635,0.0007026254
7645,0.0006990159
7655,0.0006954655
7665,0.0006919075
7675,0.0006883774
7685,0.0006848638
7695,0.0006813715
7705,0.000677938
7715,0.0006745178
7725,0.0006710875
7735,0.000667693
7745,0.0006643127
7755,0.0006609541
7765,0.0006576301
7775,0.0006543783
7785,0.0006511399
7795,0.0006478797
7805,0.0006446383
7815,0.0006414186
7825,0.0006382061
7835,0.0006350231
7845,0.0006318634
7855,0.0006287133
7865,0.0006255732
7875,0.0006224635
7885,0.0006193733
7895,0.0006163023
7905,0.0006132497
7915,0.0006102063
7925,0.0006071823
7935,0.0006041633
7945,0.0006011602
7955,0.0005981684
7965,0.000595196
7975,0.0005922643
7985,0.0005893317
7995,0.0005863807
8005,0.0005834901
8015,0.0005806397
8025,0.0005778088
8035,0.0005750004
8045,0.0005722067
8055,0.0005694106
8065,0.0005665937
8075,0.0005637842
8085,0.0005610205
8095,0.0005583019
8105,0.0005555846
8115,0.0005528749
8125,0.0005502119
8135,0.0005475614
8145,0.0005449371
8155,0.0005423562
8165,0.0005397713
8175,0.0005371784
8185,0.0005346123
8195,0.0005320481
8205,0.0005294986
8215,0.0005269664
8225,0.0005244716
8235,0.0005220191
8245,0.0005195774
8255,0.0005170963
8265,0.0005146135
8275,0.0005121952
8285,0.0005097994
8295,0.0005073738
8305,0.000504955
8315,0.0005025591
8325,0.0005001922
8335,0.0004978421
8345,0.0004955004
8355,0.0004931683
8365,0.0004908542
8375,0.0004885439
8385,0.000486249
8395,0.0004839771
8405,0.0004817151
8415,0.0004794677
8425,0.0004772552
8435,0.0004750724
8445,0.0004728835
8455,0.0004706893
8465,0.000468519
8475,0.0004663724
8485,0.0004642275
8495,0.0004620916
8505,0.000459961
8515,0.000457837
8525,0.0004557252
8535,0.000453624
8545,0.0004515302
8555,0.0004494581
8565,0.0004473975
8575,0.0004453441
8585,0.0004433104
8595,0.0004412842
8605,0.0004392682
8615,0.0004372643
8625,0.0004352789
8635,0.0004333075
8645,0.0004313394
8655,0.0004293718
8665,0.000427406
8675,0.0004254508
8685,0.0004235214
8695,0.0004216112
8705,0.0004197118
8715,0.0004178038
8725,0.0004159114
8735,0.0004140506
8745,0.0004121997
8755,0.0004103542
8765,0.0004085136
8775,0.0004066542
8785,0.0004047858
8795,0.0004029464
8805,0.0004011396
8815,0.000399349
8825,0.0003975674
8835,0.0003957949
8845,0.0003940338
8855,0.0003922929
8865,0.0003905608
8875,0.0003888201
8885,0.0003870807
8895,0.0003853549
8905,0.0003836609
8915,0.0003819914
8925,0.0003803124
8935,0.0003786203
8945,0.0003769392
8955,0.0003752831
8965,0.0003736525
8975,0.000372059
8985,0.0003704645
8995,0.0003688461
9005,0.0003672334
9015,0.0003656284
9025,0.0003640247
9035,0.0003624279
9045,0.0003608452
9055,0.0003592814
9065,0.0003577264
9075,0.0003561843
9085,0.0003546568
9095,0.0003531388
9105,0.0003516214
9115,0.0003501048
9125,0.0003485958
9135,0.0003471045
9145,0.0003456257
9155,0.0003441504
9165,0.000342672
9175,0.0003411986
9185,0.000339741
9195,0.0003383072
9205,0.0003368817
9215,0.0003354508
9225,0.0003340279
9235,0.000332617
9245,0.0003312155
9255,0.000329822
9265,0.0003284324
9275,0.0003270498
9285,0.0003256733
9295,0.0003242993
9305,0.000322931
9315,0.0003215689
9325,0.0003202134
9335,0.0003188644
9345,0.0003175217
9355,0.0003161854
9365,0.0003148542
9375,0.0003135273
9385,0.0003122103
9395,0.0003109026
9405,0.0003096002
9415,0.0003082991
9425,0.0003070069
9435,0.0003057255
9445,0.0003044506
9455,0.0003031835
9465,0.0003019255
9475,0.0003006707
9485,0.0002994196
9495,0.0002981778
9505,0.0002969433
9515,0.0002957154
9525,0.0002944968
9535,0.0002932844
9545,0.0002920774
9555,0.0002908759
9565,0.00028968
9575,0.0002884924
9585,0.000287313
9595,0.0002861395
9605,0.0002849679
9615,0.0002837968
9625,0.0002826274
9635,0.0002814707
9645,0.000280327
9655,0.000279188
9665,0.0002780485
9675,0.000276907
9685,0.000275772
9695,0.0002746493
9705,0.0002735341
9715,0.0002724269
9725,0.0002713264
9735,0.0002702312
9745,0.0002691403
9755,0.0002680512
9765,0.0002669693
9775,0.0002658932
9785,0.000264822
9795,0.0002637558
9805,0.0002626944
9815,0.0002616379
9825,0.0002605872
9835,0.0002595443
9845,0.0002585089
9855,0.0002574853
9865,0.000256468
9875,0.0002554513
9885,0.0002544363
9895,0.0002534272
9905,0.0002524286
9915,0.0002514411
9925,0.0002504587
9935,0.0002494763
9945,0.0002484966
9955,0.0002475196
9965,0.0002465467
9975,0.0002455784
9985,0.0002446142
9995,0.0002436581
10025,0.000240819
10075,0.000236178
10125,0.0002316476
10175,0.0002272058
10225,0.0002228632
10275,0.0002186154
10325,0.000214465
10375,0.0002104049
10425,0.000206442
10475,0.0002025771
10525,0.0001988074
10575,0.0001951345
10625,0.000191541
10675,0.0001880273
10725,0.0001845874
10775,0.0001812263
10825,0.0001779416
10875,0.0001747235
10925,0.0001715913
10975,0.0001685391
11025,0.0001655445
11075,0.0001626104
11125,0.0001597392
11175,0.000156922
11225,0.0001541719
11275,0.0001514793
11325,0.0001488548
11375,0.000146291
11425,0.000143782
11475,0.0001413369
11525,0.0001389348
11575,0.0001365769
11625,0.0001342704
11675,0.0001320046
11725,0.0001297898
11775,0.0001276238
11825,0.0001255009
11875,0.0001234327
11925,0.0001214063
11975,0.0001194186
12025,0.0001174751
12075,0.0001155639
12125,0.0001136836
12175,0.000111842
12225,0.0001100361
12275,0.0001082656
12325,0.0001065333
12375,0.0001048345
12425,0.0001031728
12475,0.0001015516
12525,9.996557e-05
12575,9.840733e-05
12625,9.68807e-05
12675,9.538386e-05
12725,9.390865e-05
12775,9.246122e-05
12825,9.103954e-05
12875,8.964576e-05
12925,8.827785e-05
12975,8.693585e-05
13025,8.561829e-05
13075,8.432518e-05
13125,8.305877e-05
13175,8.182023e-05
13225,8.060534e-05
13275,7.941366e-05
13325,7.824275e-05
13375,7.709333e-05
13425,7.596666e-05
13475,7.485594e-05
13525,7.376416e-05
13575,7.269302e-05
13625,7.164128e-05
13675,7.0608e-05
13725,6.959306e-05
13775,6.859615e-05
13825,6.761649e-05
13875,6.665265e-05
13925,6.570844e-05
13975,6.478492e-05
14025,6.387684e-05
14075,6.298513e-05
14125,6.210812e-05
14175,6.124671e-05
14225,6.03994e-05
14275,5.956725e-05
14325,5.874988e-05
14375,5.794458e-05
14425,5.715152e-05
14475,5.637107e-05
14525,5.560374e-05
14575,5.484854e-05
14625,5.410567e-05
14675,5.337627e-05
14725,5.265876e-05
14775,5.195399e-05
14825,5.126084e-05
14875,5.057845e-05
14925,4.991079e-05
14975,4.925406e-05
15025,4.860936e-05
15075,4.79742e-05
15125,4.73502e-05
15175,4.673776e-05
15225,4.613279e-05
15275,4.553893e-05
15325,4.495478e-05
15375,4.437924e-05
15425,4.381238e-05
15475,4.325461e-05
15525,4.27043e-05
15575,4.216336e-05
15625,4.162989e-05
15675,4.110606e-05
15725,4.058924e-05
15775,4.007977e-05
15825,3.957956e-05
15875,3.908589e-05
15925,3.859855e-05
15975,3.811992e-05
16025,3.764944e-05
16075,3.718553e-05
16125,3.67301e-05
16175,3.628168e-05
16225,3.584007e-05
16275,3.540496e-05
16325,3.497636e-05
16375,3.455441e-05
16425,3.413872e-05
16475,3.372921e-05
16525,3.332607e-05
16575,3.292923e-05
16625,3.253804e-05
16675,3.215245e-05
16725,3.177244e-05
16775,3.139815e-05
16825,3.102939e-05
16875,3.066596e-05
16925,3.03077e-05
16975,2.995484e-05
17025,2.960704e-05
17075,2.926423e-05
17125,2.892644e-05
17175,2.859349e-05
17225,2.826516e-05
17275,2.79417e-05
17325,2.762277e-05
17375,2.730822e-05
17425,2.699824e-05
17475,2.669278e-05
17525,2.639164e-05
17575,2.609472e-05
17625,2.580178e-05
17675,2.551307e-05
17725,2.522846e-05
17775,2.494767e-05
17825,2.467085e-05
17875,2.439776e-05
17925,2.412843e-05
17975,2.386286e-05
18025,2.360101e-05
18075,2.334275e-05
18125,2.308796e-05
18175,2.283669e-05
18225,2.258877e-05
18275,2.234418e-05
18325,2.210281e-05
18375,2.186467e-05
18425,2.162983e-05
18475,2.139817e-05
18525,2.116947e-05
18575,2.094361e-05
18625,2.07204e-05
18675,2.050038e-05
18725,2.028369e-05
18775,2.006986e-05
18825,1.985886e-05
18875,1.965055e-05
18925,1.944494e-05
18975,1.924203e-05
19025,1.904172e-05
19075,1.884401e-05
19125,1.864884e-05
19175,1.845627e-05
19225,1.826622e-05
19275,1.807857e-05
19325,1.789319e-05
19375,1.771026e-05
19425,1.752965e-05
19475,1.735146e-05
19525,1.717603e-05
19575,1.700251e-05
19625,1.683064e-05
19675,1.666082e-05
19725,1.649306e-05
19775,1.632755e-05
19825,1.616411e-05
19875,1.600276e-05
19925,1.584334e-05
19975,1.568596e-05
20025,1.553059e-05
20075,1.537705e-05
20125,1.522531e-05
20175,1.507542e-05
20225,1.492743e-05
20275,1.478132e-05
20325,1.463707e-05
20375,1.449454e-05
20425,1.435362e-05
20475,1.421439e-05
20525,1.40769e-05
20575,1.394117e-05
20625,1.380724e-05
20675,1.367495e-05
20725,1.354433e-05
20775,1.341526e-05
20825,1.328765e-05
20875,1.316153e-05
20925,1.303687e-05
20975,1.291366e-05
21025,1.279188e-05
21075,1.267154e-05
21125,1.255272e-05
21175,1.243531e-05
21225,1.231925e-05
21275,1.220451e-05
21325,1.209109e-05
21375,1.197895e-05
21425,1.186808e-05
21475,1.175854e-05
21525,1.165036e-05
21575,1.154344e-05
21625,1.143773e-05
21675,1.133318e-05
21725,1.122974e-05
21775,1.112748e-05
21825,1.102639e-05
21875,1.092643e-05
21925,1.082765e-05
21975,1.073005e-05
22025,1.063354e-05
22075,1.053811e-05
22125,1.044379e-05
22175,1.03505e-05
22225,1.025819e-05
22275,1.016687e-05
22325,1.007656e-05
22375,9.987296e-06
22425,9.899008e-06
22475,9.81169e-06
22525,9.725374e-06
22575,9.639996e-06
22625,9.555546e-06
22675,9.472048e-06
22725,9.3894e-06
22775,9.307631e-06
22825,9.226728e-06
22875,9.146698e-06
22925,9.067575e-06
22975,8.989359e-06
23025,8.911989e-06
23075,8.835433e-06
23125,8.759684e-06
23175,8.68473e-06
23225,8.610559e-06
23275,8.537165e-06
23325,8.464535e-06
23375,8.392663e-06
23425,8.321543e-06
23475,8.25118e-06
23525,8.181641e-06
23575,8.112842e-06
23625,8.044754e-06
23675,7.977367e-06
23725,7.910706e-06
23775,7.844747e-06
23825,7.779464e-06
23875,7.714845e-06
23925,7.650887e-06
23975,7.587579e-06
24025,7.524872e-06
24075,7.462831e-06
24125,7.401469e-06
24175,7.340739e-06
24225,7.280636e-06
24275,7.221181e-06
24325,7.162324e-06
24375,7.10406e-06
24425,7.046383e-06
24475,6.989272e-06
24525,6.932717e-06
24575,6.876737e-06
24625,6.821351e-06
24675,6.766487e-06
24725,6.712159e-06
24775,6.658373e-06
24825,6.60514e-06
24875,6.55244e-06
24925,6.500301e-06
24975,6.448649e-06
25025,6.397499e-06
25075,6.346873e-06
25125,6.29678e-06
25175,6.247179e-06
25225,6.198034e-06
25275,6.149352e-06
25325,6.101158e-06
25375,6.05344e-06
25425,6.006227e-06
25475,5.959473e-06
25525,5.913141e-06
25575,5.867265e-06
25625,5.821838e-06
25675,5.776849e-06
25725,5.732256e-06
25775,5.688091e-06
25825,5.644359e-06
25875,5.601076e-06
25925,5.558183e-06
25975,5.515699e-06
26025,5.473632e-06
26075,5.431991e-06
26125,5.39072e-06
26175,5.349846e-06
26225,5.309368e-06
26275,5.269287e-06
26325,5.22958e-06
26375,5.190286e-06
26425,5.151347e-06
26475,5.112725e-06
26525,5.074462e-06
26575,5.036571e-06
26625,4.999047e-06
26675,4.961852e-06
26725,4.925018e-06
26775,4.888512e-06
26825,4.852274e-06
26875,4.816359e-06
26925,4.78085e-06
26975,4.745645e-06
27025,4.710758e-06
27075,4.676242e-06
27125,4.642022e-06
27175,4.608092e-06
27225,4.574498e-06
27275,4.541216e-06
27325,4.508223e-06
27375,4.475559e-06
27425,4.443178e-06
27475,4.411056e-06
27525,4.379257e-06
27575,4.347746e-06
27625,4.3165e-06
27675,4.28554e-06
27725,4.254844e-06
27775,4.224421e-06
27825,4.194305e-06
27875,4.164415e-06
27925,4.134789e-06
27975,4.105458e-06
28025,4.076333e-06
28075,4.047484e-06
28125,4.018926e-06
28175,3.990578e-06
28225,3.962515e-06
28275,3.934699e-06
28325,3.907117e-06
28375,3.879843e-06
28425,3.852752e-06
28475,3.825892e-06
28525,3.799282e-06
28575,3.772852e-06
28625,3.746695e-06
28675,3.720744e-06
28725,3.69503e-06
28775,3.669591e-06
28825,3.644317e-06
28875,3.61928e-06
28925,3.594428e-06
28975,3.569779e-06
29025,3.545372e-06
29075,3.521114e-06
29125,3.497111e-06
29175,3.473286e-06
29225,3.44968e-06
29275,3.426299e-06
29325,3.403067e-06
29375,3.380103e-06
29425,3.357282e-06
29475,3.334684e-06
29525,3.312267e-06
29575,3.290015e-06
29625,3.267969e-06
29675,3.246047e-06
29725,3.224381e-06
29775,3.202843e-06
29825,3.181517e-06
29875,3.160361e-06
29925,3.139384e-06
29975,3.118607e-06
30025,3.097951e-06
30075,3.07752e-06
30125,3.057196e-06
30175,3.037093e-06
30225,3.017102e-06
30275,2.997309e-06
30325,2.977652e-06
30375,2.958158e-06
30425,2.938846e-06
30475,2.919669e-06
30525,2.900686e-06
30575,2.881805e-06
30625,2.863149e-06
30675,2.844583e-06
30725,2.82621e-06
30775,2.807921e-06
30825,2.789834e-06
30875,2.771841e-06
30925,2.754054e-06
30975,2.736364e-06
31025,2.718851e-06
31075,2.701453e-06
31125,2.684227e-06
31175,2.66712e-06
31225,2.650157e-06
31275,2.633322e-06
31325,2.616614e-06
31375,2.600045e-06
31425,2.583593e-06
31475,2.567282e-06
31525,2.55108e-06
31575,2.535033e-06
31625,2.519099e-06
31675,2.503295e-06
31725,2.487586e-06
31775,2.472026e-06
31825,2.456579e-06
31875,2.441273e-06
31925,2.426083e-06
31975,2.411017e-06
32025,2.396064e-06
32075,2.381222e-06
32125,2.3665e-06
32175,2.351875e-06
32225,2.337382e-06
32275,2.32297e-06
32325,2.308701e-06
32375,2.294498e-06
32425,2.280449e-06
32475,2.266458e-06
32525,2.252641e-06
32575,2.238869e-06
32625,2.225262e-06
32675,2.211697e-06
32725,2.198303e-06
32775,2.184958e-06
32825,2.17176e-06
32875,2.158621e-06
32925,2.145596e-06
32975,2.132648e-06
33025,2.119797e-06
33075,2.10707e-06
33125,2.094402e-06
33175,2.081875e-06
33225,2.06939e-06
33275,2.057081e-06
33325,2.044807e-06
33375,2.032677e-06
33425,2.020591e-06
33475,2.008613e-06
33525,1.996707e-06
33575,1.984872e-06
33625,1.973159e-06
33675,1.961482e-06
33725,1.949945e-06
33775,1.938435e-06
33825,1.927071e-06
33875,1.915754e-06
33925,1.904535e-06
33975,1.893403e-06
34025,1.882319e-06
34075,1.871365e-06
34125,1.860432e-06
34175,1.849634e-06
34225,1.838867e-06
34275,1.828201e-06
34325,1.817612e-06
34375,1.807072e-06
34425,1.796667e-06
34475,1.786279e-06
34525,1.776018e-06
34575,1.765794e-06
34625,1.755648e-06
34675,1.745595e-06
34725,1.73557e-06
34775,1.725683e-06
34825,1.715815e-06
34875,1.706058e-06
34925,1.696367e-06
34975,1.686714e-06
35025,1.677169e-06
35075,1.667636e-06
35125,1.658214e-06
35175,1.648838e-06
35225,1.63951e-06
35275,1.63029e-06
35325,1.621082e-06
35375,1.611993e-06
35425,1.602947e-06
35475,1.593949e-06
35525,1.585055e-06
35575,1.576171e-06
35625,1.567391e-06
35675,1.558653e-06
35725,1.549953e-06
35775,1.541361e-06
35825,1.532777e-06
35875,1.524294e-06
35925,1.515868e-06
35975,1.507467e-06
36025,1.499174e-06
36075,1.490895e-06
36125,1.482685e-06
36175,1.474551e-06
36225,1.466426e-06
36275,1.458405e-06
36325,1.450413e-06
36375,1.442462e-06
36425,1.434616e-06
36475,1.426777e-06
36525,1.419022e-06
36575,1.411332e-06
36625,1.403653e-06
36675,1.396077e-06
36725,1.388525e-06
36775,1.381004e-06
36825,1.373571e-06
36875,1.366143e-06
36925,1.35878e-06
36975,1.351484e-06
37025,1.344193e-06
37075,1.336992e-06
37125,1.329828e-06
37175,1.322681e-06
37225,1.315639e-06
37275,1.308614e-06
37325,1.301625e-06
37375,1.294731e-06
37425,1.287842e-06
37475,1.281008e-06
37525,1.274244e-06
37575,1.267481e-06
37625,1.260792e-06
37675,1.254152e-06
37725,1.247516e-06
37775,1.240966e-06
37825,1.234446e-06
37875,1.227938e-06
37925,1.221526e-06
37975,1.215136e-06
38025,1.208762e-06
38075,1.202477e-06
38125,1.196204e-06
38175,1.189953e-06
38225,1.18378e-06
38275,1.177613e-06
38325,1.171481e-06
38375,1.165442e-06
38425,1.159409e-06
38475,1.153409e-06
38525,1.147485e-06
38575,1.141565e-06
38625,1.13568e-06
38675,1.129869e-06
38725,1.12406e-06
38775,1.118286e-06
38825,1.112582e-06
38875,1.106881e-06
38925,1.101214e-06
38975,1.095619e-06
39025,1.090026e-06
39075,1.084462e-06
39125,1.078971e-06
39175,1.073484e-06
39225,1.068022e-06
39275,1.062641e-06
39325,1.057266e-06
39375,1.051909e-06
39425,1.046627e-06
39475,1.041354e-06
39525,1.036092e-06
39575,1.030906e-06
39625,1.025733e-06
39675,1.020566e-06
39725,1.015473e-06
39775,1.0104e-06
39825,1.005329e-06
39875,1.000322e-06
39925,9.953466e-07
39975,9.903715e-07
40025,9.854444e-07
40075,9.805652e-07
40125,9.75686e-07
40175,9.708383e-07
40225,9.660583e-07
40275,9.612806e-07
40325,9.565182e-07
40375,9.518316e-07
40425,9.471553e-07
40475,9.424831e-07
40525,9.378808e-07
40575,9.33304e-07
40625,9.287273e-07
40675,9.241916e-07
40725,9.196985e-07
40775,9.152054e-07
40825,9.107324e-07
40875,9.063235e-07
40925,9.019193e-07
40975,8.975202e-07
41025,8.931886e-07
41075,8.888782e-07
41125,8.845677e-07
41175,8.80293e-07
41225,8.760611e-07
41275,8.718292e-07
41325,8.676112e-07
41375,8.634613e-07
41425,8.593204e-07
41475,8.551802e-07
41525,8.510908e-07
41575,8.470333e-07
41625,8.429759e-07
41675,8.38938e-07
41725,8.349638e-07
41775,8.309944e-07
41825,8.270262e-07
41875,8.231058e-07
41925,8.192102e-07
41975,8.153147e-07
42025,8.11438e-07
42075,8.076228e-07
42125,8.038125e-07
42175,8.000027e-07
42225,7.962404e-07
42275,7.925087e-07
42325,7.88777e-07
42375,7.850564e-07
42425,7.813925e-07
42475,7.777365e-07
42525,7.740805e-07
42575,7.704602e-07
42625,7.668854e-07
42675,7.633108e-07
42725,7.597397e-07
42775,7.562254e-07
42825,7.527307e-07
42875,7.49236e-07
42925,7.457546e-07
42975,7.423224e-07
43025,7.388948e-07
43075,7.354671e-07
43125,7.32073e-07
43175,7.287225e-07
43225,7.253722e-07
43275,7.220233e-07
43325,7.187205e-07
43375,7.1544e-07
43425,7.121596e-07
43475,7.088856e-07
43525,7.056631e-07
43575,7.024515e-07
43625,6.992399e-07
43675,6.96042e-07
43725,6.928937e-07
43775,6.897497e-07
43825,6.866057e-07
43875,6.834834e-07
43925,6.804048e-07
43975,6.773275e-07
44025,6.742501e-07
44075,6.712044e-07
44125,6.681982e-07
44175,6.651921e-07
44225,6.621862e-07
44275,6.592151e-07
44325,6.562733e-07
44375,6.533315e-07
44425,6.503902e-07
44475,6.474895e-07
44525,6.446155e-07
44575,6.417416e-07
44625,6.388682e-07
44675,6.360301e-07
44725,6.332128e-07
44775,6.303955e-07
44825,6.275788e-07
44875,6.248e-07
44925,6.22044e-07
44975,6.192879e-07
45025,6.165321e-07
45075,6.138144e-07
45125,6.111229e-07
45175,6.084313e-07
45225,6.057397e-07
45275,6.030817e-07
45325,6.004545e-07
45375,5.978272e-07
45425,5.951999e-07
45475,5.925984e-07
45525,5.900331e-07
45575,5.87468e-07
45625,5.84903e-07
45675,5.823529e-07
45725,5.798383e-07
45775,5.773253e-07
45825,5.748122e-07
45875,5.723082e-07
45925,5.698461e-07
45975,5.673892e-07
46025,5.649323e-07
46075,5.624785e-07
46125,5.600641e-07
46175,5.576613e-07
46225,5.552586e-07
46275,5.52856e-07
46325,5.504842e-07
46375,5.481358e-07
46425,5.457873e-07
46475,5.434388e-07
46525,5.411057e-07
46575,5.388081e-07
46625,5.36512e-07
46675,5.342158e-07
46725,5.319246e-07
46775,5.296752e-07
46825,5.274352e-07
46875,5.251952e-07
46925,5.229553e-07
46975,5.207421e-07
47025,5.185526e-07
47075,5.16363e-07
47125,5.141734e-07
47175,5.119937e-07
47225,5.09854e-07
47275,5.077185e-07
47325,5.05583e-07
47375,5.03448e-07
47425,5.013427e-07
47475,4.992556e-07
47525,4.971685e-07
47575,4.950813e-07
47625,4.930033e-07
47675,4.909605e-07
47725,4.889212e-07
47775,4.868818e-07
47825,4.848425e-07
47875,4.828298e-07
47925,4.808379e-07
47975,4.78846e-07
48025,4.768541e-07
48075,4.748676e-07
48125,4.729189e-07
48175,4.709776e-07
48225,4.690363e-07
48275,4.670949e-07
48325,4.651689e-07
48375,4.632727e-07
48425,4.613773e-07
48475,4.594819e-07
48525,4.575869e-07
48575,4.557193e-07
48625,4.53869e-07
48675,4.520186e-07
48725,4.501683e-07
48775,4.483213e-07
48825,4.465073e-07
48875,4.447016e-07
48925,4.428958e-07
48975,4.4109e-07
49025,4.392924e-07
49075,4.375273e-07
49125,4.357656e-07
49175,4.340038e-07
49225,4.322421e-07
49275,4.304934e-07
49325,4.287739e-07
49375,4.270554e-07
49425,4.253369e-07
49475,4.236184e-07
49525,4.219172e-07
49575,4.202409e-07
49625,4.185648e-07
49675,4.168887e-07
49725,4.152126e-07
49775,4.135564e-07
49825,4.119223e-07
49875,4.102881e-07
49925,4.086539e-07
49975,4.070197e-07
50025,4.054043e-07
50075,4.038076e-07
50125,4.02211e-07
50175,4.006143e-07
50225,3.990176e-07
50275,3.974402e-07
50325,3.958839e-07
50375,3.943276e-07
50425,3.927714e-07
50475,3.912151e-07
50525,3.896751e-07
50575,3.881587e-07
50625,3.866425e-07
50675,3.851264e-07
50725,3.836102e-07
50775,3.821048e-07
50825,3.806236e-07
50875,3.791434e-07
50925,3.776632e-07
50975,3.76183e-07
51025,3.747096e-07
51075,3.732649e-07
51125,3.718233e-07
51175,3.703818e-07
51225,3.689402e-07
51275,3.675009e-07
51325,3.660871e-07
51375,3.646803e-07
51425,3.632736e-07
51475,3.618669e-07
51525,3.604603e-07
51575,3.59075e-07
51625,3.577059e-07
51675,3.563368e-07
51725,3.549677e-07
51775,3.535987e-07
51825,3.522394e-07
51875,3.509059e-07
51925,3.495737e-07
51975,3.482415e-07
52025,3.469093e-07
52075,3.455789e-07
52125,3.442724e-07
52175,3.429733e-07
52225,3.416741e-07
52275,3.403749e-07
52325,3.390757e-07
52375,3.377903e-07
52425,3.365263e-07
52475,3.352626e-07
52525,3.339988e-07
52575,3.327351e-07
52625,3.314736e-07
52675,3.302356e-07
52725,3.29004e-07
52775,3.277725e-07
52825,3.265409e-07
52875,3.253094e-07
52925,3.240879e-07
52975,3.228873e-07
53025,3.216874e-07
53075,3.204874e-07
53125,3.192875e-07
53175,3.18088e-07
53225,3.169085e-07
53275,3.157397e-07
53325,3.145709e-07
53375,3.134022e-07
53425,3.122334e-07
53475,3.110682e-07
53525,3.099259e-07
53575,3.087877e-07
53625,3.076494e-07
53675,3.065112e-07
53725,3.05373e-07
53775,3.042428e-07
53825,3.031337e-07
53875,3.020257e-07
53925,3.009177e-07
53975,2.998097e-07
54025,2.987017e-07
54075,2.976062e-07
54125,2.965276e-07
54175,2.954492e-07
54225,2.943707e-07
54275,2.932922e-07
54325,2.922138e-07
54375,2.91151e-07
54425,2.901014e-07
54475,2.890518e-07
54525,2.880022e-07
54575,2.869526e-07
54625,2.859031e-07
54675,2.848703e-07
54725,2.838488e-07
54775,2.828273e-07
54825,2.818058e-07
54875,2.807843e-07
54925,2.79763e-07
54975,2.787578e-07
55025,2.777637e-07
55075,2.767697e-07
55125,2.757756e-07
55175,2.747816e-07
55225,2.737876e-07
55275,2.728078e-07
55325,2.718408e-07
55375,2.708738e-07
55425,2.699069e-07
55475,2.689399e-07
55525,2.679729e-07
55575,2.670164e-07
55625,2.660757e-07
55675,2.651352e-07
55725,2.641947e-07
55775,2.632541e-07
55825,2.623136e-07
55875,2.61379e-07
55925,2.604629e-07
55975,2.59548e-07
56025,2.586332e-07
56075,2.577183e-07
56125,2.568035e-07
56175,2.558907e-07
56225,2.549966e-07
56275,2.541071e-07
56325,2.532175e-07
56375,2.52328e-07
56425,2.514384e-07
56475,2.505489e-07
56525,2.496731e-07
56575,2.488083e-07
56625,2.479435e-07
56675,2.470787e-07
56725,2.462139e-07
56775,2.453491e-07
56825,2.444892e-07
56875,2.43647e-07
56925,2.428064e-07
56975,2.419658e-07
57025,2.411252e-07
57075,2.402846e-07
57125,2.394442e-07
57175,2.386185e-07
57225,2.378014e-07
57275,2.369843e-07
57325,2.361672e-07
57375,2.353501e-07
57425,2.34533e-07
57475,2.337197e-07
57525,2.329237e-07
57575,2.321297e-07
57625,2.313358e-07
57675,2.305418e-07
57725,2.297479e-07
57775,2.28954e-07
57825,2.281697e-07
57875,2.273981e-07
57925,2.266266e-07
57975,2.25855e-07
58025,2.250835e-07
58075,2.24312e-07
58125,2.235409e-07
58175,2.227845e-07
58225,2.220351e-07
58275,2.212856e-07
58325,2.205361e-07
58375,2.197866e-07
58425,2.190371e-07
58475,2.182895e-07
58525,2.175578e-07
58575,2.168299e-07
58625,2.161021e-07
58675,2.153742e-07
58725,2.146463e-07
58775,2.139184e-07
58825,2.131935e-07
58875,2.124843e-07
58925,2.117775e-07
58975,2.110706e-07
59025,2.103638e-07
59075,2.09657e-07
59125,2.089501e-07
59175,2.082466e-07
59225,2.075583e-07
59275,2.068718e-07
59325,2.061854e-07
59375,2.05499e-07
59425,2.048126e-07
59475,2.041262e-07
59525,2.034425e-07
59575,2.027739e-07
59625,2.021075e-07
59675,2.014412e-07
59725,2.007749e-07
59775,2.001085e-07
59825,1.994422e-07
59875,1.987774e-07
59925,1.981271e-07
59975,1.974804e-07
60025,1.968337e-07
60075,1.96187e-07
60125,1.955403e-07
60175,1.948935e-07
60225,1.942471e-07
60275,1.936132e-07
60325,1.929857e-07
60375,1.923582e-07
60425,1.917307e-07
60475,1.911032e-07
60525,1.904757e-07
60575,1.898482e-07
60625,1.892278e-07
60675,1.886187e-07
60725,1.880098e-07
60775,1.874008e-07
60825,1.867919e-07
60875,1.861829e-07
60925,1.85574e-07
60975,1.849672e-07
61025,1.843741e-07
61075,1.837834e-07
61125,1.831926e-07
61175,1.826019e-07
61225,1.820112e-07
61275,1.814205e-07
61325,1.808298e-07
61375,1.80248e-07
61425,1.79675e-07
61475,1.791019e-07
61525,1.785289e-07
61575,1.779559e-07
61625,1.773828e-07
61675,1.768098e-07
61725,1.762384e-07
61775,1.756799e-07
61825,1.751242e-07
61875,1.745686e-07
61925,1.740129e-07
61975,1.734572e-07
62025,1.729016e-07
62075,1.723459e-07
62125,1.717952e-07
62175,1.71256e-07
62225,1.707173e-07
62275,1.701787e-07
62325,1.6964e-07
62375,1.691013e-07
62425,1.685626e-07
62475,1.680239e-07
62525,1.674935e-07
62575,1.669713e-07
62625,1.664491e-07
62675,1.65927e-07
62725,1.654048e-07
62775,1.648827e-07
62825,1.643605e-07
62875,1.638385e-07
62925,1.633264e-07
62975,1.628203e-07
63025,1.623141e-07
63075,1.61808e-07
63125,1.613018e-07
63175,1.607957e-07
63225,1.602895e-07
63275,1.597836e-07
63325,1.592879e-07
63375,1.587975e-07
63425,1.583071e-07
63475,1.578168e-07
63525,1.573264e-07
63575,1.56836e-07
63625,1.563456e-07
63675,1.558553e-07
63725,1.553743e-07
63775,1.548993e-07
63825,1.544242e-07
63875,1.539492e-07
63925,1.534742e-07
63975,1.529991e-07
64025,1.525241e-07
64075,1.520491e-07
64125,1.515807e-07
64175,1.511206e-07
64225,1.506606e-07
64275,1.502005e-07
64325,1.497404e-07
64375,1.492803e-07
64425,1.488202e-07
64475,1.483601e-07
64525,1.479034e-07
64575,1.47457e-07
64625,1.470114e-07
64675,1.465657e-07
64725,1.461201e-07
64775,1.456745e-07
64825,1.452289e-07
64875,1.447832e-07
64925,1.443382e-07
64975,1.439033e-07
65025,1.434719e-07
65075,1.430405e-07
65125,1.42609e-07
65175,1.421776e-07
65225,1.417462e-07
65275,1.413147e-07
65325,1.408833e-07
65375,1.404564e-07
65425,1.400384e-07
65475,1.396207e-07
65525,1.39203e-07
65575,1.387853e-07
65625,1.383676e-07
65675,1.379499e-07
65725,1.375322e-07
65775,1.371148e-07
65825,1.367064e-07
65875,1.363022e-07
65925,1.35898e-07
65975,1.354937e-07
66025,1.350895e-07
66075,1.346853e-07
66125,1.342811e-07
66175,1.338768e-07
66225,1.334742e-07
66275,1.330814e-07
66325,1.326902e-07
66375,1.32299e-07
66425,1.319078e-07
66475,1.315166e-07
66525,1.311254e-07
66575,1.307343e-07
66625,1.303431e-07
66675,1.299547e-07
66725,1.295756e-07
66775,1.291973e-07
66825,1.288189e-07
66875,1.284405e-07
66925,1.280621e-07
66975,1.276837e-07
67025,1.273054e-07
67075,1.26927e-07
67125,1.265518e-07
67175,1.261854e-07
67225,1.258195e-07
67275,1.254536e-07
67325,1.250877e-07
67375,1.247218e-07
67425,1.243559e-07
67475,1.2399e-07
67525,1.236241e-07
67575,1.232608e-07
67625,1.229062e-07
67675,1.225524e-07
67725,1.221987e-07
67775,1.218449e-07
67825,1.214911e-07
67875,1.211373e-07
67925,1.207835e-07
67975,1.204297e-07
68025,1.200771e-07
68075,1.197334e-07
68125,1.193914e-07
68175,1.190494e-07
68225,1.187074e-07
68275,1.183654e-07
68325,1.180234e-07
68375,1.176814e-07
68425,1.173394e-07
68475,1.169975e-07
68525,1.166627e-07
68575,1.163321e-07
68625,1.160016e-07
68675,1.156711e-07
68725,1.153406e-07
68775,1.1501e-07
68825,1.146795e-07
68875,1.14349e-07
68925,1.140185e-07
68975,1.136906e-07
69025,1.133706e-07
69075,1.130512e-07
69125,1.127317e-07
69175,1.124123e-07
69225,1.120928e-07
69275,1.117734e-07
69325,1.11454e-07
69375,1.111345e-07
69425,1.108151e-07
69475,1.105023e-07
69525,1.101937e-07
69575,1.098851e-07
69625,1.095765e-07
69675,1.09268e-07
69725,1.089594e-07
69775,1.086508e-07
69825,1.083422e-07
69875,1.080337e-07
69925,1.077259e-07
69975,1.074259e-07
70025,1.071278e-07
70075,1.068297e-07
70125,1.065317e-07
70175,1.062336e-07
70225,1.059355e-07
70275,1.056374e-07
70325,1.053393e-07
70375,1.050412e-07
70425,1.047446e-07
70475,1.044557e-07
70525,1.041679e-07
70575,1.0388e-07
70625,1.035921e-07
70675,1.033042e-07
70725,1.030164e-07
70775,1.027285e-07
70825,1.024406e-07
70875,1.021527e-07
70925,1.018664e-07
70975,1.015876e-07
71025,1.013097e-07
71075,1.010319e-07
71125,1.00754e-07
71175,1.004761e-07
71225,1.001982e-07
71275,9.992038e-08
71325,9.964252e-08
71375,9.936465e-08
71425,9.908767e-08
71475,9.881794e-08
71525,9.854978e-08
71575,9.828163e-08
71625,9.801348e-08
71675,9.774533e-08
71725,9.747718e-08
71775,9.720902e-08
71825,9.694087e-08
71875,9.667272e-08
71925,9.640468e-08
71975,9.614256e-08
72025,9.588383e-08
72075,9.56251e-08
72125,9.536637e-08
72175,9.510765e-08
72225,9.484893e-08
72275,9.45902e-08
72325,9.433148e-08
72375,9.407275e-08
72425,9.381402e-08
72475,9.355771e-08
72525,9.330781e-08
72575,9.305826e-08
72625,9.280871e-08
72675,9.255916e-08
72725,9.230961e-08
72775,9.206006e-08
72825,9.181051e-08
72875,9.156097e-08
72925,9.131142e-08
72975,9.106196e-08
73025,9.081803e-08
73075,9.057732e-08
73125,9.033661e-08
73175,9.00959e-08
73225,8.985519e-08
73275,8.961448e-08
73325,8.937377e-08
73375,8.913306e-08
73425,8.889235e-08
73475,8.865164e-08
73525,8.841166e-08
73575,8.81781e-08
73625,8.794605e-08
73675,8.771399e-08
73725,8.748194e-08
73775,8.724988e-08
73825,8.701782e-08
73875,8.678577e-08
73925,8.655371e-08
73975,8.632166e-08
74025,8.60896e-08
74075,8.585867e-08
74125,8.563403e-08
74175,8.541038e-08
74225,8.518672e-08
74275,8.496306e-08
74325,8.47394e-08
74375,8.451574e-08
74425,8.429208e-08
74475,8.406842e-08
74525,8.384476e-08
74575,8.36211e-08
74625,8.339831e-08
74675,8.318158e-08
74725,8.296603e-08
74775,8.275047e-08
74825,8.253492e-08
74875,8.231937e-08
74925,8.210381e-08
74975,8.188826e-08
75025,8.16727e-08
75075,8.145715e-08
75125,8.124159e-08
75175,8.102627e-08
75225,8.081636e-08
75275,8.060874e-08
75325,8.040112e-08
75375,8.01935e-08
75425,7.998588e-08
75475,7.977826e-08
75525,7.957064e-08
75575,7.936302e-08
75625,7.91554e-08
75675,7.894778e-08
75725,7.874016e-08
75775,7.853531e-08
75825,7.833528e-08
75875,7.813534e-08
75925,7.79354e-08
75975,7.773546e-08
76025,7.753553e-08
76075,7.733559e-08
76125,7.713565e-08
76175,7.693571e-08
76225,7.673578e-08
76275,7.653584e-08
76325,7.63362e-08
76375,7.61418e-08
76425,7.594931e-08
76475,7.575682e-08
76525,7.556433e-08
76575,7.537184e-08
76625,7.517935e-08
76675,7.498686e-08
76725,7.479437e-08
76775,7.460189e-08
76825,7.44094e-08
76875,7.421691e-08
76925,7.402546e-08
76975,7.383944e-08
77025,7.365418e-08
77075,7.346892e-08
77125,7.328367e-08
77175,7.309841e-08
77225,7.291315e-08
77275,7.272789e-08
77325,7.254263e-08
77375,7.235737e-08
77425,7.217211e-08
77475,7.198685e-08
77525,7.18029e-08
77575,7.162407e-08
77625,7.144578e-08
77675,7.126747e-08
77725,7.108917e-08
77775,7.091087e-08
77825,7.073257e-08
77875,7.055426e-08
77925,7.037597e-08
77975,7.019766e-08
78025,7.001936e-08
78075,6.984106e-08
78125,6.966361e-08
78175,6.949126e-08
78225,6.931976e-08
78275,6.914826e-08
78325,6.897675e-08
78375,6.880526e-08
78425,6.863375e-08
78475,6.846226e-08
78525,6.829075e-08
78575,6.811926e-08
78625,6.794775e-08
78675,6.777625e-08
78725,6.760488e-08
78775,6.743784e-08
78825,6.727292e-08
78875,6.7108e-08
78925,6.694308e-08
78975,6.677816e-08
79025,6.661325e-08
79075,6.644833e-08
79125,6.628341e-08
79175,6.611849e-08
79225,6.595357e-08
79275,6.578865e-08
79325,6.562373e-08
79375,6.546037e-08
79425,6.530154e-08
79475,6.514301e-08
79525,6.498448e-08
79575,6.482594e-08
79625,6.46674e-08
79675,6.450887e-08
79725,6.435033e-08
79775,6.419179e-08
79825,6.403326e-08
79875,6.387472e-08
79925,6.371619e-08
79975,6.355765e-08
80025,6.340221e-08
80075,6.324988e-08
80125,6.309754e-08
80175,6.29452e-08
80225,6.279286e-08
80275,6.264052e-08
80325,6.248818e-08
80375,6.233584e-08
80425,6.21835e-08
80475,6.203116e-08
80525,6.187881e-08
80575,6.172647e-08
80625,6.157416e-08
80675,6.142535e-08
80725,6.127897e-08
80775,6.113259e-08
80825,6.09862e-08
80875,6.083982e-08
80925,6.069344e-08
80975,6.054705e-08
81025,6.040067e-08
81075,6.025429e-08
81125,6.01079e-08
81175,5.996151e-08
81225,5.981514e-08
81275,5.966875e-08
81325,5.952517e-08
81375,5.938458e-08
81425,5.924399e-08
81475,5.91034e-08
81525,5.89628e-08
81575,5.882221e-08
81625,5.868162e-08
81675,5.854103e-08
81725,5.840044e-08
81775,5.825985e-08
81825,5.811926e-08
81875,5.797866e-08
81925,5.783807e-08
81975,5.769867e-08
82025,5.756332e-08
82075,5.742829e-08
82125,5.729326e-08
82175,5.715824e-08
82225,5.702321e-08
82275,5.688818e-08
82325,5.675316e-08
82375,5.661813e-08
82425,5.64831e-08
82475,5.634807e-08
82525,5.621305e-08
82575,5.607802e-08
82625,5.594302e-08
82675,5.581126e-08
82725,5.568166e-08
82775,5.555207e-08
82825,5.542247e-08
82875,5.529287e-08
82925,5.516328e-08
82975,5.503368e-08
83025,5.490408e-08
83075,5.477449e-08
83125,5.464489e-08
83175,5.451529e-08
83225,5.438569e-08
83275,5.425609e-08
83325,5.412679e-08
83375,5.400128e-08
83425,5.387695e-08
83475,5.375261e-08
83525,5.362827e-08
83575,5.350393e-08
83625,5.337959e-08
83675,5.325526e-08
83725,5.313092e-08
83775,5.300658e-08
83825,5.288224e-08
83875,5.27579e-08
83925,5.263357e-08
83975,5.250923e-08
84025,5.238516e-08
84075,5.226476e-08
84125,5.21455e-08
84175,5.202624e-08
84225,5.190698e-08
84275,5.178773e-08
84325,5.166847e-08
84375,5.154921e-08
84425,5.142995e-08
84475,5.131069e-08
84525,5.119144e-08
84575,5.107218e-08
84625,5.095292e-08
84675,5.083366e-08
84725,5.071442e-08
84775,5.059802e-08
84825,5.048368e-08
84875,5.036934e-08
84925,5.0255e-08
84975,5.014066e-08
85025,5.002633e-08
85075,4.991199e-08
85125,4.979765e-08
85175,4.968331e-08
85225,4.956897e-08
85275,4.945463e-08
85325,4.934029e-08
85375,4.922596e-08
85425,4.911162e-08
85475,4.899813e-08
85525,4.888817e-08
85575,4.87786e-08
85625,4.866902e-08
85675,4.855945e-08
85725,4.844988e-08
85775,4.83403e-08
85825,4.823073e-08
85875,4.812116e-08
85925,4.801158e-08
85975,4.790201e-08
86025,4.779243e-08
86075,4.768286e-08
86125,4.757328e-08
86175,4.746371e-08
86225,4.735583e-08
86275,4.725078e-08
86325,4.714577e-08
86375,4.704076e-08
86425,4.693576e-08
86475,4.683075e-08
86525,4.672574e-08
86575,4.662073e-08
86625,4.651573e-08
86675,4.641072e-08
86725,4.630571e-08
86775,4.62007e-08
86825,4.60957e-08
86875,4.599069e-08
86925,4.588568e-08
86975,4.578235e-08
87025,4.568174e-08
87075,4.558117e-08
87125,4.548059e-08
87175,4.538002e-08
87225,4.527945e-08
87275,4.517888e-08
87325,4.507831e-08
87375,4.497773e-08
87425,4.487716e-08
87475,4.477659e-08
87525,4.467602e-08
87575,4.457544e-08
87625,4.447487e-08
87675,4.43743e-08
87725,4.427453e-08
87775,4.417789e-08
87825,4.408156e-08
87875,4.398524e-08
87925,4.388892e-08
87975,4.37926e-08
88025,4.369627e-08
88075,4.359995e-08
88125,4.350363e-08
88175,4.34073e-08
88225,4.331098e-08
88275,4.321465e-08
88325,4.311833e-08
88375,4.302201e-08
88425,4.292568e-08
88475,4.282938e-08
88525,4.273547e-08
88575,4.264328e-08
88625,4.255109e-08
88675,4.245891e-08
88725,4.236672e-08
88775,4.227453e-08
88825,4.218234e-08
88875,4.209015e-08
88925,4.199797e-08
88975,4.190578e-08
89025,4.181359e-08
89075,4.17214e-08
89125,4.162921e-08
89175,4.153702e-08
89225,4.144484e-08
89275,4.135281e-08
89325,4.12636e-08
89375,4.117542e-08
89425,4.108723e-08
89475,4.099904e-08
89525,4.091085e-08
89575,4.082266e-08
89625,4.073447e-08
89675,4.064628e-08
89725,4.055809e-08
89775,4.04699e-08
89825,4.038171e-08
89875,4.029352e-08
89925,4.020533e-08
89975,4.011714e-08
90025,4.002895e-08
90075,3.994084e-08
90125,3.985525e-08
90175,3.977089e-08
90225,3.968653e-08
90275,3.960217e-08
90325,3.95178e-08
90375,3.943344e-08
90425,3.934908e-08
90475,3.926472e-08
90525,3.918036e-08
90575,3.9096e-08
90625,3.901164e-08
90675,3.892728e-08
90725,3.884292e-08
90775,3.875855e-08
90825,3.867419e-08
90875,3.858983e-08
90925,3.850671e-08
90975,3.842597e-08
91025,3.83453e-08
91075,3.826463e-08
91125,3.818396e-08
91175,3.810329e-08
91225,3.802261e-08
91275,3.794194e-08
91325,3.786127e-08
91375,3.77806e-08
91425,3.769993e-08
91475,3.761926e-08
91525,3.753858e-08
91575,3.745791e-08
91625,3.737724e-08
91675,3.729657e-08
91725,3.721593e-08
91775,3.713751e-08
91825,3.706044e-08
91875,3.698337e-08
91925,3.690629e-08
91975,3.682922e-08
92025,3.675214e-08
92075,3.667507e-08
92125,3.6598e-08
92175,3.652092e-08
92225,3.644385e-08
92275,3.636677e-08
92325,3.62897e-08
92375,3.621263e-08
92425,3.613555e-08
92475,3.605848e-08
92525,3.59814e-08
92575,3.590437e-08
92625,3.58295e-08
92675,3.575589e-08
92725,3.568227e-08
92775,3.560866e-08
92825,3.553505e-08
92875,3.546143e-08
92925,3.538782e-08
92975,3.53142e-08
93025,3.524059e-08
93075,3.516698e-08
93125,3.509337e-08
93175,3.501975e-08
93225,3.494614e-08
93275,3.487253e-08
93325,3.479892e-08
93375,3.47253e-08
93425,3.465169e-08
93475,3.457925e-08
93525,3.45089e-08
93575,3.44386e-08
93625,3.43683e-08
93675,3.4298e-08
93725,3.42277e-08
93775,3.41574e-08
93825,3.40871e-08
93875,3.40168e-08
93925,3.394649e-08
93975,3.387619e-08
94025,3.380589e-08
94075,3.373559e-08
94125,3.366529e-08
94175,3.359499e-08
94225,3.352469e-08
94275,3.345438e-08
94325,3.338415e-08
94375,3.331603e-08
94425,3.324892e-08
94475,3.31818e-08
94525,3.311468e-08
94575,3.304756e-08
94625,3.298045e-08
94675,3.291333e-08
94725,3.284621e-08
94775,3.277909e-08
94825,3.271198e-08
94875,3.264486e-08
94925,3.257774e-08
94975,3.251062e-08
95025,3.244351e-08
95075,3.237639e-08
95125,3.230927e-08
95175,3.224215e-08
95225,3.217512e-08
95275,3.211019e-08
95325,3.204614e-08
95375,3.19821e-08
95425,3.191805e-08
95475,3.185401e-08
95525,3.178996e-08
95575,3.172592e-08
95625,3.166187e-08
95675,3.159783e-08
95725,3.153378e-08
95775,3.146974e-08
95825,3.140569e-08
95875,3.134165e-08
95925,3.12776e-08
95975,3.121356e-08
96025,3.114951e-08
96075,3.108547e-08
96125,3.102142e-08
96175,3.095865e-08
96225,3.089758e-08
96275,3.083651e-08
96325,3.077545e-08
96375,3.071439e-08
96425,3.065333e-08
96475,3.059226e-08
96525,3.05312e-08
96575,3.047014e-08
96625,3.040908e-08
96675,3.034801e-08
96725,3.028695e-08
96775,3.022589e-08
96825,3.016482e-08
96875,3.010376e-08
96925,3.00427e-08
96975,2.998163e-08
97025,2.992057e-08
97075,2.98596e-08
97125,2.980059e-08
97175,2.974238e-08
97225,2.968416e-08
97275,2.962595e-08
97325,2.956773e-08
97375,2.950952e-08
97425,2.94513e-08
97475,2.939309e-08
97525,2.933487e-08
97575,2.927666e-08
97625,2.921844e-08
97675,2.916023e-08
97725,2.910201e-08
97775,2.90438e-08
97825,2.898558e-08
97875,2.892737e-08
97925,2.886915e-08
97975,2.881094e-08
98025,2.875279e-08
98075,2.869646e-08
98125,2.864098e-08
98175,2.85855e-08
98225,2.853002e-08
98275,2.847454e-08
98325,2.841906e-08
98375,2.836358e-08
98425,2.83081e-08
98475,2.825262e-08
98525,2.819714e-08
98575,2.814166e-08
98625,2.808618e-08
98675,2.80307e-08
98725,2.797522e-08
98775,2.791974e-08
98825,2.786426e-08
98875,2.780878e-08
98925,2.77533e-08
98975,2.769782e-08
99025,2.764319e-08
99075,2.759031e-08
99125,2.753748e-08
99175,2.748465e-08
99225,2.743183e-08
99275,2.7379e-08
99325,2.732617e-08
99375,2.727334e-08
99425,2.722051e-08
99475,2.716768e-08
99525,2.711486e-08
99575,2.706203e-08
99625,2.70092e-08
99675,2.695637e-08
99725,2.690354e-08
99775,2.685072e-08
99825,2.679789e-08
99875,2.674506e-08
99925,2.669223e-08
99975,2.66394e-08
